legacy_route,target_route,relationship,status,source_section
"/ml/lecture_02/","/textbook/ml/preprocessing/","primary-redirect-target","migrated-published","Полная глава: введение; шесть разделов; использованные источники"
"/ml/lecture_01/","/textbook/ml/introduction/","primary-redirect-target","migrated-published","Первое знакомство с машинным обучением"
"/ml/lecture_03/","/textbook/ml/linear-models/","primary-redirect-target","migrated-published","Обучение с учителем. Линейные модели"
"/ml/lecture_04/","/textbook/ml/trees-and-ensembles/","primary-redirect-target","migrated-published","Обучение с учителем. Решающие деревья и ансамблевые модели"
"/ml/lecture_05/","/textbook/ml/clustering-and-dimensionality-reduction/","primary-redirect-target","migrated-published","Обучение без учителя. Кластеризация и понижение размерности"
"/dl/lecture_01/","/textbook/dl/neural-network-foundations/","primary-redirect-target","migrated-published","Основные понятия глубокого обучения"
"/dl/lecture_02/","/textbook/dl/computer-vision/","primary-redirect-target","migrated-published","Обработка изображений с помощью глубокого обучения"
"/dl/lecture_03/","/textbook/dl/audio/","primary-redirect-target","migrated-published","Обработка аудиосигнала с помощью глубокого обучения"
"/dl/lecture_04/","/textbook/dl/sequences-and-text/","primary-redirect-target","migrated-published","Обработка последовательных данных и текста"
"/dl/lecture_05/","/textbook/dl/large-language-models/","primary-redirect-target","migrated-published","Большие языковые модели"
"/index/howtoclassroom/","/guides/github-classroom/","primary-redirect-target","migrated-published-outdated","Как принимать задания в GitHub Classroom"
"/index/clone_repo/","/guides/datasphere/clone-repository/","primary-redirect-target","migrated-published-outdated","Как склонировать репозиторий в Yandex Datasphere"
"/index/datasphere_commint_and_push/","/guides/datasphere/commit-and-push/","primary-redirect-target","migrated-published-outdated","Как сделать коммит и отправить изменения в Yandex Datasphere"
"/index/what_is_dataset/","/guides/datasphere/datasets/","primary-redirect-target","migrated-published-outdated","Как работать с датасетами в Yandex Datasphere?"
"/index/manage_budget/","/guides/datasphere/budget/","primary-redirect-target","migrated-published-outdated","Как контролировать расходы в Yandex Datasphere?"
"/dl/dl_competition/","/archive/","archive-fallback","archived-no-exact-replacement","Материал предыдущей версии; прямого аналога нет"
"/dl/exam_dl/","/archive/","archive-fallback","archived-no-exact-replacement","Материал предыдущей версии; прямого аналога нет"
"/dl/hw_01/","/archive/","archive-fallback","archived-no-exact-replacement","Материал предыдущей версии; прямого аналога нет"
"/dl/hw_02/","/archive/","archive-fallback","archived-no-exact-replacement","Материал предыдущей версии; прямого аналога нет"
"/dl/hw_03/","/archive/","archive-fallback","archived-no-exact-replacement","Материал предыдущей версии; прямого аналога нет"
"/dl/hw_04/","/archive/","archive-fallback","archived-no-exact-replacement","Материал предыдущей версии; прямого аналога нет"
"/dl/hw_05/","/archive/","archive-fallback","archived-no-exact-replacement","Материал предыдущей версии; прямого аналога нет"
"/dl/","/archive/","archive-fallback","archived-no-exact-replacement","Материал предыдущей версии; прямого аналога нет"
"/dl/teams_grades/","/archive/","archive-fallback","archived-no-exact-replacement","Материал предыдущей версии; прямого аналога нет"
"/index/assign_course/","/archive/","archive-fallback","archived-no-exact-replacement","Материал предыдущей версии; прямого аналога нет"
"/index/complete_course_instructionds/","/archive/","archive-fallback","archived-no-exact-replacement","Материал предыдущей версии; прямого аналога нет"
"/index/datasphere_unstructions/","/archive/","archive-fallback","archived-no-exact-replacement","Материал предыдущей версии; прямого аналога нет"
"/index/github_classroom_instructions/","/archive/","archive-fallback","archived-no-exact-replacement","Материал предыдущей версии; прямого аналога нет"
"/index/llm_rules/","/archive/","archive-fallback","archived-no-exact-replacement","Материал предыдущей версии; прямого аналога нет"
"/index/local_machine_instructions/","/archive/","archive-fallback","archived-no-exact-replacement","Материал предыдущей версии; прямого аналога нет"
"/index/schedule/","/archive/","archive-fallback","archived-no-exact-replacement","Материал предыдущей версии; прямого аналога нет"
"/index/work_with_agent/","/archive/","archive-fallback","archived-no-exact-replacement","Материал предыдущей версии; прямого аналога нет"
"/ml/exam_ml/","/archive/","archive-fallback","archived-no-exact-replacement","Материал предыдущей версии; прямого аналога нет"
"/ml/hw_01/","/archive/","archive-fallback","archived-no-exact-replacement","Материал предыдущей версии; прямого аналога нет"
"/ml/hw_02/","/archive/","archive-fallback","archived-no-exact-replacement","Материал предыдущей версии; прямого аналога нет"
"/ml/hw_03/","/archive/","archive-fallback","archived-no-exact-replacement","Материал предыдущей версии; прямого аналога нет"
"/ml/hw_04/","/archive/","archive-fallback","archived-no-exact-replacement","Материал предыдущей версии; прямого аналога нет"
"/ml/hw_05/","/archive/","archive-fallback","archived-no-exact-replacement","Материал предыдущей версии; прямого аналога нет"
"/ml/","/archive/","archive-fallback","archived-no-exact-replacement","Материал предыдущей версии; прямого аналога нет"
"/ml/ml_competition/","/archive/","archive-fallback","archived-no-exact-replacement","Материал предыдущей версии; прямого аналога нет"
"/ml/teams_grades/","/archive/","archive-fallback","archived-no-exact-replacement","Материал предыдущей версии; прямого аналога нет"
