legacy_path,new_path,sha256,alt
"docs/ml/image/lecture_02/1760444018677.png","src/content/docs/textbook/ml/preprocessing/assets/one-hot-encoding.png","cd62659b2c2c20970addc6eb132c8afb4ea3b18ccc1814b905ce415bac8dd652","Таблица преобразования категориального признака Color в бинарные столбцы"
"docs/ml/image/lecture_02/1760444033175.png","src/content/docs/textbook/ml/preprocessing/assets/ordinal-encoding.png","ecc2d6f6bbf0a9cc97842d97a3bdb566ff3e50e9e8ec6e9335b50791483cfae4","Порядковое кодирование оценок Poor, Good, Very Good и Excellent числами от 1 до 4"
"docs/ml/image/lecture_02/1760444044017.png","src/content/docs/textbook/ml/preprocessing/assets/count-encoding.png","9b863c989bce69957c3828f6909b25c58230fb297a2164132661d2dd3f71913f","Кодирование Apple и Banana количеством появлений в выборке"
"docs/ml/image/lecture_02/1760444060614.png","src/content/docs/textbook/ml/preprocessing/assets/frequency-encoding.png","8aad0f3a27c3525b61be39d52fc4c1255ce0eb4b0781e89c2fb1e104c3f3ec23","Замена категорий Male и Female их частотами 0.4 и 0.6"
"docs/ml/image/lecture_02/1760444150818.png","src/content/docs/textbook/ml/preprocessing/assets/month-one-hot-encoding.png","a8e565634be177b5b0c0b390b854c65ceb5bc34de73cabdaf7ef13ba7d30d99b","Таблица бинарных признаков month_2–month_12 для дат"
"docs/ml/image/lecture_02/1760444175709.png","src/content/docs/textbook/ml/preprocessing/assets/date-to-timestamp.png","e6c9548777811dd16ff0200b33c12111431328aff0aa59620ca53ff067fa4170","Пример преобразования дат в числовой Timestamp в электронной таблице"
"docs/ml/image/lecture_02/1760444263994.png","src/content/docs/textbook/ml/preprocessing/assets/cyclic-hour-encoding.png","f638caea920d17ad7f1e5b44adb4851491654c443738f36f11cb6d4bba538fe6","Переход от линейной шкалы часов суток к точке на окружности"
"docs/ml/image/lecture_02/1760444318466.png","src/content/docs/textbook/ml/preprocessing/assets/three-sigma-rule.png","ac5aa927e1ceaac44663ac4d0d77d6e4ee034492494d4078aa8426a6bc6baa3a","Нормальное распределение с интервалами одной, двух и трёх сигм"
"docs/ml/image/lecture_02/1760444335437.png","src/content/docs/textbook/ml/preprocessing/assets/interquartile-range.png","b2c283ab4e3a5d90defb9d59f722ffb28b867375c8b6e4ad60c7c5cceb1e9755","Квартили, межквартильный размах и границы выбросов на диаграмме размаха"
"docs/ml/image/lecture_02/1760445617219.png","src/content/docs/textbook/ml/preprocessing/assets/simple-imputation.png","df538e85d720fc01656f30dad09906f74eaab801303421b0ebc48b5cac9fb091","Заполнение пропусков в таблице средним, медианой и модой"
"docs/ml/image/lecture_02/1760445680789.png","src/content/docs/textbook/ml/preprocessing/assets/imputation-distributions.png","c8a9a3f1ec826596d908d2c77e62da31d83f1c23c25adf3417a6efb8247a9741","Сравнение распределений после заполнения пропусков средним, нулём и MissForest"
"docs/ml/image/lecture_02/1760445890602.png","src/content/docs/textbook/ml/preprocessing/assets/knn-imputation-steps.png","ff0b9de1ca3c0f1d5779b08f0e3c2c6f1ded21e1469f69a95ee649d53e90ff6e","Шаги заполнения пропуска по двум ближайшим соседям"
"docs/ml/image/lecture_02/1760445875103.png","src/content/docs/textbook/ml/preprocessing/assets/knn-imputation-distribution.png","8a46b870fd324c13737f18111df5208fdb354f6cdd8343e5c96f08065b5ec214","Распределение признака до и после kNN-импутации"
